,,,,,,,,,,,
BIL,NAMA PENYELIA,PELAJAR,,PROGRAM,NO. PELAJAR,PENYELIA BERSAMA,"SEMESTER
SEM. 2 SESI 2022/2023",SEM 1 SESI 2023/2024,SEM 2 SESI 2023/2024,"SEM. PENGAJIAN
Sem 2 Sesi 2025/2026",STATUS TERKINI
1,PROF. IR. DR. AHMAD ASHRIF A BAKAR,1,AMIN BIN MOHD IKHSAN,SARJANA,P168677,,15,Tangguh Pengajian,tambah masa kali ke 4 (kertas kerja bawa ke JKAS Uni. utk kelulusan) - Feb 2025,1,
,MsC 1,,,,,,"11
Dual Degree",notis - belum ada pdpl,,,
2,PROF. DATO' DR. BURHANUDDIN YEOP MAJLIS (K003153),1,MUHAMMAD MUSODDIQ BIN JAAFAR                            ,KEDOKTORAN,P93318      ,"PROF. DR. DEE CHANG FU
DR. MOHD FARHANULHAKIM BIN MOHD RAZIP WEE",15,Tangguh Pengajian,tambah masa kali ke 4 (kertas kerja bawa ke JKAS Uni. utk kelulusan) - Feb 2025,17,Permohonan tambah masa kali keempat dan kelima. Dalam proses kertas kerja ke JKAS Universiti.
,PhD 1,,,,,,"11
Dual Degree",notis - belum ada pdpl,,,
3,"PROF. DR. AZMAN JALAR @JALIL (K007353)
",1,LIM EE MAY,SARJANA,P137670,DR. MARIA BINTI ABU BAKAR,6,,akan hantar notis dalam masa terdekat,6,Dalam tempoh pembetulan tesis.
,PhD 1,2,BALOGUN BASHIR TEMITOPE,KEDOKTORAN,P117630,"DR. MARIA BINTI ABU BAKAR
DR. ATIQAH BINTI MOHD AFDZALUDDIN",SEM 1 SESI 2023/2024,,,7,Bercadang serah tesis untuk pemeriksaan tetapi kursus masih tidak lengkap 4 kdt
,MSc 2,3,MOHD ERWAN BIN BASIRON,SARJANA,P130002,DR. MARIA BINTI ABU BAKAR,3,,,6,Telah serah tesis untuk pemeriksaan
4,PROF. DR. AZRUL AZLAN HAMZAH (K014762),1,ROHARSYAFINAZ BINTI ROSLAN,SARJANA,P121441,"DR. AHMAD GHADAFI ISMAIL, PROF. MADYA DR. P. SUSTHITHA MENON",6,,,8,Telah hantar tesis kulit keras. Dalam proses kelulusan Senat.
,PhD 1,2,MANAL BINTI AMMAR,SARJANA,P152989,TIADA,6,tempoh pencalonan PDPL,,4,
,MSc 3,3,ARIFAH SYAHIRAH BINTI ABDUL RAHMAN    ,KEDOKTORAN,P153583       ,TIADA,2,,,3,
,,4,MOHD EUSOFF BIN AZIZOL NASHRIBY,SARJANA,P145466,TIADA,,,,4,
5,PROF. DR. AKRAJAS BIN ALI UMAR (K017241),1,NABILAH BINTI ALIAS                   ,KEDOKTORAN,P94826      ,PROF. MADYA DR. MOHD YUSRI ABD RAHMAN,10,,,15,
,PhD 1,2,ANNISA ZAHRA AHDALIZA,SARJANA,P147129,PROF. DR. NORASIKIN BINTI AHMAD LUDIN,,,,4,
,MSc 1,3,IKHWAN FIKRI MAULIDAN,KEDOKTORAN,P156731,"PROF. DR. NORASIKIN BINTI AHMAD LUDIN
DR. MUHAMMAD ANIQ SHAZNI BIN MOHAMMAD HANIFF         ",,,,3,
6,PROF. DR. MOHD AMBRI MOHAMED (K020438),1,ELYANI ABU BAKAR                ,KEDOKTORAN,P100859       ,DR. OOI POH CHOON,8,,,14,
,PhD 3,2,SHAZREEN BINTI SULAIMAN,KEDOKTORAN,P119396,PROF. DR. MASURI OTHMAN,7,,KONVO 2024,9,
,MSc ,3,FAIZATUL FARAH BINTI HATTA,KEDOKTORAN,P103200,DR. MUHAMMAD ANIQ SHAZNI BIN MOHAMMAD HANIFF         ,4,,,14,
7,PROF. DR. SAWAL HAMID BIN MD ALI,1,FARRAH MASYITAH BT MOHD SHUIB                             ,KEDOKTORAN,P94416      ,PROF. DR. AZRUL AZLAN HAMZAH,8,,,13,
,PhD 1,,,,,,,,,,
8,PROF. DR. MASURI OTHMAN,,,,,,,,,,
,,,,,,,,,,,
9,"PROF. DR. AHMAD RIFQI BIN MD ZAIN (K020601)
",1,NUR DALILA BINTI MOHD ZAMANI                            ,KEDOKTORAN,P86119      ,"PROF. DATO' DR. BURHANUDDIN YEOP MAJLIS, DR. DILLA DURYHA BERHANUDDIN, PROF. DR. SAHBUDIN SHAARI",GRADUAN 2024,,,,
,PhD 4,2,AHMAD AFIF SAFWAN BIN MOHD RADZI,KEDOKTORAN,P107661,"PROF. DATO' DR. BURHANUDDIN YEOP MAJLIS, DR. TENGKU HASNAN TENGKU ABBDUL AZIZ",14,tambah masa kali ke 3,tangguh pengajian,9,Diberhentikan kerana tidak mendaftar - Sem 1 Sesi 2025/2026
,MSc ,3,TITA OKTAVIA CAHYA RAHAYU,KEDOKTORAN,P111883,"PROF. TS. DR. NORINSAN KAMIL BIN OTHMAN
DR. TENGKU HASNAN TENGKU ABDUL AZIZ",6,,,10,Sem 2 Sesi 2025/2026 - belum mendaftar
,,4,IZZAH HANAANAH BINTI AB AZIZ,KEDOKTORAN,P138569,"DR. TENGKU HASNAN TENGKU ABDUL AZIZ
PROF. MADYA DR. SUZEREN MD JAMIL
TS. ChM. DR. NUR HIDAYAH AZEMAN",5,,,6,
10,PROF. DR. DEE CHANG FU (K013525),1,"MOHAMAD NIZAR HADI BIN MOHAMAD
NASSIR",KEDOKTORAN,P109012,"PROF. DR. AZRUL AZLAN BIN HAMZAH
DR. AHMAD GHADAFI BIN ISMAIL",6,,,12,
,,2,MUHAMAD ARIF BIN SHAHARIAH    ,KEDOKTORAN,P154207,DR. NG PEI YUEN,,,,,tidak dapat dikesan - tidak mendaftar
,"PhD 2, MSc ",3,THONG WEN JIE,KEDOKTORAN,P169098,,"Sem 2 Sesi 2023/2024
Dual Degree",,,4,
11,PROF. MADYA DR. P. SUSTHITHA MENON (K017739),1,NAJMIAH RADIAH BINTI MOHAMAD                            ,KEDOKTORAN,P92208      ,"PROF. MADYA DR. MOHD AMBRI MOHAMED, DR. MOHD FARHANULHAKIM BIN MOHD RAZIP WEE       ",10,,,18,
,PhD 1,2,CHAN KIKI,SARJANA,P138066,"PROF. MADYA TS. DR. CHIN SIOK FONG 
DR. MOHD FARHANULHAKIM MOHD RAZIP WEE",,rayuan telah lulus,,6,
,MSc 2,3,ILMI MUNIRAH BINTI KARIM          ,SARJANA,P166705   ,TIADA,SEM 1 SESI 2023/2024,,,,
12,PROF. DR. JUMRIL YUNAS (K017751),1,WAN AMMAR FIKRI BIN WAN ALI ,KEDOKTORAN,P86814,"PROF. DR. AZRUL AZLAN HAMZAH, PROF. DATO' DR. BURHANUDDIN YEOP MAJLIS",11,sudah serah tesis pada 13 feb 2024,,20,belum cukup penerbitan
,PhD 2,2,NAHRUSYIFA` BINTI ABDUL KARIM            ,KEDOKTORAN,P154263,,14,,,4,
,MSc 1,3,MUHAMMAD HAZIQ DANIEL BIN RAHIM           ,SARJANA,P151695     ,PROF. MADYA DR. KHANOM SIMARANI,6,,,4,
13,PROF. DR. MOHD YUSRI BIN ABD RAHMAN (K020131),1,SYAZWANI AMIRAH BINTI SALLEH,KEDOKTORAN,P130000,"DR. MUHAMMAD FIRDAUS OMAR 
TS. DR. SALMIA BEDDU (UNITEN)
DR. TENGKU HASNAN TENGKU ABDUL AZIZ",7,,,6,belum cukup penerbitan
,PhD 3,2,AIMI NABILA BINTI EFANDI,SARJANA,P138067,DR. AHMAD GHADAFI BIN ISMAIL,,,,6,telah hantar tesis utk pemeriksaan
,MSc 1,3,NUR YASUMIRA BINTI ABD AZMI,KEDOKTORAN,P134152,"PROF. DR. AKRAJAS ALI UMAR
DR. ZAEMAH JUBRI",,,,5,
,,4,AHMAD RAFIQ BIN MOHD KHAIRUDIN       ,KEDOKTORAN,P160295,"PROF. DR. AKRAJAS ALI UMAR
DR. NURAIMI SYAQILAH BINTI AZIZ",1,,,3,
14,PROF. MADYA IR. DR. ABANG ANNUAR EHSAN (K012394),1,MOHD IHSAN BIN CHE MOHD NOH,KEDOKTORAN,P98926      ,"PROF. DR. AZRUL AZLAN HAMZAH, PROF. DR. MOHD AMBRI MOHAMED, DR. ATIQAH MOHD AFDZALUDDIN",7,tangguh pengajian Sem 1 Sesi 2022-2023,,11,perlu mendaftar sem 1 sesi 2026/2027 untuk submit notice dan submit tesis 
,PhD 2,2,FIRDAUS BIN JAMAL RASHID,KEDOKTORAN,P118428, DR. MUHAMMAD ANIQ SHAZNI MOHAMMAD HANIF,3,,,9,Telah serah tesis hardcover. Dalam proses kelulusan Senat
15,PROF. MADYA DR. SIOW KIM SHYONG (K020118),1,NUR ARIENA HANIS BINTI MOHD NOR,SARJANA,P127640,DR. AHMAD GHADAFI BIN ISMAIL,1,,,6,
,MSc 2,2,WANG WEIJIE,SARJANA,P142730,DR. RAIHANA BINTI BAHRU,,,,5,
16,PROF. MADYA IR. DR. JAHARIAH BINTI SAMPE (K020480),1,TENGKU NORLIZA BINTI TENGKU MOHAMAD                                   ,KEDOKTORAN,P81307      ,DR. DILLA DURYHA BERHANUDDIN,15,,,21,
,PhD 5,2,SYAZA NURFILSHA BINTI ISHAK,KEDOKTORAN,P108584,PROF. MADYA IR. DR. NAZRUL ANUAR NAYAN (FKAB),6,,,11,
,MSc 1,3,REDIA BTE MOHD REDZUWAN,KEDOKTORAN,P114461,"DR. RHONIRA LATIF
DR. AHMAD RAZIF MUHAMMAD",4,,,10,
,,4,ABDUL KHALIQ,SARJANA,P131233,DR. NOORFAZILA BINTI KAMAL,,,,6,
,,5,GOVIND A/L MANIAM,KEDOKTORAN,P149909       , DR. MUHAMMAD ANIQ SHAZNI MOHAMMAD HANIF,,,,4,
,,6,ZAHEER ABBAS BALOUCH          ,KEDOKTORAN,P147466       ,PROF. DR. JUMRIL YUNAS,,,,4,
17,DR. TENGKU HASNAN BIN TENGKU ABDUL AZIZ (K014796),1,NUR ADLIHA BINTI ABDULLAH      ,KEDOKTORAN,P94705      ,"PROF. MADYA DR. AHMAD RIFQI MD ZAIN, DR. MOHD ZULHAKIMI AB RAZAK",9,BAKAL GRADUAN 2024,,14,Telah seratah tesis kulit keras - dalam proses kelulusan Senat
,PhD 1,2,NURUL LIYANA BINTI ABDULLAH,SARJANA,P138282,PROF. DR. RUSLI DAIK,9,,,,
,MSc 1,,,,,,,,,,
18,DR. ABDUL RAHMAN BIN MOHMAD (K017397),1,MUHAMMAD HILMI BIN JOHARI                         ,KEDOKTORAN,P111586,PROF. DR. MOHD AMBRI MOHAMED,5,,,10,
,PhD 2,2,SYAHIRAH BINTI A. HINAYADULLAH,SARJANA,P106517,TIADA,4,,,9,
,MSc 4,3,MUHAMMAD FARIS MUSAWWI BIN RUSLAN,SARJANA,P125395,PROF. MADYA DR. P. SUSTHITHA MENON A/P VISVANATHAN,2,,,7,Telah serah tesis untuk pemeriksaan pada 23/2/2026
,,4,MEGA FATMASARI,KEDOKTORAN,P137216,PROF. DR. AKRAJAS ALI UMAR,,,,6,
,,5,SITI NUR HIDAYAH YAHYA,SARJANA,P146080,DR. RHONIRA LATIF,,,,4,
,,6,AMIR ADLI BIN SHAM SANI              ,SARJANA,P159701       ,TIADA,2,,,3,
19,DR. DILLA DURYHA BINTI BERHANUDDIN (K017618),,,,,,8,BAKAL GRADUAN 2024,,,
,,,,,,,,,,,
20,DR. MOHD FARHANULHAKIM BIN MOHD RAZIP WEE (K019988),1,ANJAM WAHEED,KEDOKTORAN,P115485,PROF. MADYA DR. MUHAMAD RAMDZAN BIN BUYONG,4,,,10,"Dalam tempoh pembetulan tesis
(due serah hardcover - 14 April 2026)"
,PhD 1,,,,,,,,,,
21,"PROF. MADYA DR. MUHAMAD RAMDZAN BIN BUYONG (K020005)
",1,NUR MAS AYU BINTI JAMALUDIN                           ,KEDOKTORAN,P94637      ,"PROF. DR. AZRUL AZLAN HAMZAH
PROF. MADYA DR. BADARIAH BAIS
DR. NADIAH ABU",9,,,13,Sem 2 Sesi 2025/2026 - belum mendaftar
,PhD 4,2,ZHANG WEIHONG ,KEDOKTORAN,P115389,PROF. DR. MOHD AMBRI MOHAMED,8,,,6,Sem 2 Sesi 2025/2026 - belum mendaftar
,MSc 1,3,ARASH ZULKARNAIN BIN AHMAD ROZAINI,KEDOKTORAN,P145637,PROF. DR. NORAZIAH MOHD ZIN,4,,,4,
,,4,MUHAMMAD AKMAL BIN SUHAIMI,KEDOKTORAN,P137669       ,PROF. DR. NORAZIAH MOHD ZIN,,,,6,
,,5,BASIT ALI         ,SARJANA,P161042     ,TIADA,,,,2,
22,DR. AHMAD GHADAFI BIN ISMAIL (K021923),1,RENI SILVIA NASUTION          ,KEDOKTORAN,P159882       ,"PROF. DR. DEE CHANG FU
DR. NORHAYATI ABU BAKAR",,,,3,
,PhD 2,2,SHARIFAH HAFIZAH SYED AB AZIZ          ,KEDOKTORAN,P154945      ,"PROF.DR. AKRAJAS ALI UMAR
PROF. MADYA IR. DR. ABANG ANNUAR EHSAN",,,,3,
23,DR. NORHAYATI BINTI ABU BAKAR (K022044),1,NUR NAZHIFAH BINTI YUSOFF,SARJANA,P100212       ,DR. TENGKU HASNAN TENGKU ABDUL AZIZ,8,hantar borang tambah masa kali ke 4,,15,
,"MSc 1, PhD 1",2,NUR AIN BINTI MOHD NASIR       ,KEDOKTORAN,P159173  ,TIADA,8,tangguh sem 2/2022-2023,,3,
24,DR. MARIA ABU BAKAR (K022551),1,ADLIL AIZAT BIN ISMAIL,KEDOKTORAN,P136714,PROF. DR. AZMAN JALAR,,,,6,Telah serah tesis kulit keras. Dalam proses kelulusan Senat
,PhD 2,2,AHMAD ZARIF BIN AZAHAR,SARJANA,P112419,PROF. DR. AZMAN JALAR,4,dalam tempoh pembetulan tesis,,10,Telah serah tesis kulit keras. Dalam proses pengesahan IMEN dan seterusnya kelulusan Senat
,MSc 3,3,MUHAMMAD NIZAM BIN ILIAS,SARJANA,P137088,PROF. DR. AZMAN JALAR,5,,,6,
,,4,MICKAL DASS A/L SANTANASAMY        ,KEDOKTORAN,P150309,PROF. DR. AZMAN JALAR,,,,3,
,,5,MUHAMAD NUR SYAHIRAN BIN MUHAMAD YUSOF   ,SARJANA,P159177   ,"PROF. DR. AZMAN JALAR
PROF. TS. DR.(Ph.D) NORINSAN KAMIL BIN OTHMAN",,,,3,
25,DR. ZULHAKIMI AB RAZAK@MAMAT (K021588),1,SAZAN ALI KAMAL MOHAMMED,KEDOKTORAN,P103643      ,"TS. DR. ABDUL HADI ABD RAHMAN, 
DR. MARIA ABU BAKAR",7,tangguh sem 2/2023-2024,,,
,PhD 2,2,NOR SYAHIRA BINTI MOHD TOMBEL,KEDOKTORAN,P138906,,,,,6,
,MSc 1,3,NOOR IZA ATIQAH BINTI SUPAAT         ,SARJANA,P161834,,8,,,,
26,DR. OOI POH CHOON (K022642),1,ARTHUR LING WEN WRONG,SARJANA,P134151,"PROF. DR. DEE CHANG FUU
DR. MUHAMMAD ANIQ SHAZNI MOHAMMAD HANIF",3,,,5,
,PhD 2,2,HUSSNAIN SHAHID           ,KEDOKTORAN,P138478  ,"DR. RHONIRA LATIF
DR. DILLA DURYHA BERHANUDDIN",1,,,5,
,MSc 5,3,HAQUE RAWHAN MOHAMMD SAFIUL ,KEDOKTORAN,P127643,"PROF. DR. DEE CHANG FUU
DR. MUHAMMAD ANIQ SHAZNI MOHAMMAD HANIF",,,,7,
,,4,ALAN CHUNG SHEN KAI,SARJANA,P151517,"PROF. DR. DEE CHANG FUU
IR. DR. SOON KIAN LUN
PROF. IR. DR. LAI NAI SHYAN",,,,4,
,,5,CHAN SHOU WEI,SARJANA,P151519,"IR. DR. SOON KIAN LUN
PROF. IR DR. LAI NAI SHYAN",,,,4,
,,6,ELVIN YEOH KANG SHEN,SARJANA,P151693,"PROF. DR. MASURI OTHMAN
IR. DR. SOON KIAN LUN
PROF. IR DR. LAI NAI SHYAN",,,,4,
,,7,WONG YI CHEN,SARJANA,P151696,"PROF. DR. DEE CHANG FUU
IR. DR. SOON KIAN LUN
PROF. IR. DR. LAI NAI SHYAN",,,,4,
,,8,"LIU, XINXIN           ",KEDOKTORAN,P160124,"PROF DR. DEE CHANG FU 
PROF. DR. GAO YANG",,,,2,Sem 2 Sesi 2025/2026 - belum mendaftar
,,9,"WANG, LUN   ",KEDOKTORAN,P156728 ,"PROF DR. DEE CHANG FU 
PROF. DR. GAO YANG",,,,3,Sem 2 Sesi 2025/2026 - belum mendaftar
,,10,GUO LINGXIAO         ,SARJANA,P162449    ,IR. DR. SOON KIAN LUN,,,,,
27,DR. RHONIRA LATIF  (K021268),1,DARVEN RAJ A/L PONNUTHURAI,SARJANA,P126284,DR. MOHD FARHANULHAKIM BIN MOHD RAZIP WEE,4,SEM 1 SESI 2023/2024 - TEMPOH PEMBETULAN,,5,
,PhD 1,2,SYAZWANI IZRAH BINTI BADRUDIN,KEDOKTORAN,P130001,TIADA,2,tangguh sem 1 sesi 2023/2024 dan sem 2 sesi 2023/2024,15032024,7,Akan viva pada 16 Mac 2026
,MSc 2,3,MOHAMAD ZAIN AZREEN BIN RAMLI     ,SARJANA,P103901,PROF. MADYA IR. DR. ARJUNA MARZUKI,,,,,
28,DR. MUHAMMAD ANIQ SHAZNI MOHAMMAD HANIF (K022906),1,SIVANATHAN A/L PARIASAMY,KEDOKTORAN,P108824,PROF. DR. DEE CHANG FU,5,tangguh pengajian Sem 2 Sesi 2022-2023 dan sem 1 sesi 2023/2024,15032024,6,Diberhentikan kerana tidak mendaftar - Sem 1 Sesi 2025/2026
,PhD 4,2,DARREN RAM,SARJANA,P116360,PROF. DR. MOHD AMBRI MOHAMED,4,,,9,Telah hantar tesis untuk pemeriksaan pada 23/2/2026
,MSc 1,3,MUHAMMAD FEIDHUL HAKIM BIN FATAH YASIN,KEDOKTORAN,P154493,"PROF. DR. AKRAJAS ALI UMAR
PROF. MADYA DR. P. SUSTHITHA MENON",,,,3,
,,4,HAQUE RUMMAN MOHAMMAD SAFIUL,KEDOKTORAN,P154979,"DR. ABDUL RAHMAN MOHMAD
DR. OOI POH CHOON",,,,3,
,,5,NURUL IFFAH BINTI ISMAIL           ,KEDOKTORAN,P155764  ,"PROF. DR. AKRAJAS ALI UMAR
",,,,3,
29,DR. ATIQAH BINTI MOHD AFDZALUDDIN (K023218),1,RONAN JOEL KAWANDING      ,SARJANA,P156735  ,"DR. RAIHANA BINTI BAHRU
DR. NOOR FADHILAH BINTI RAHMAT",4,tesis dalam pemeriksaan,15032024,3,
,MSc 2,2,CHAN SOOK WOON       ,SARJANA,P160117 ,TIADA,4,tesis dalam pemeriksaan,150320204,2,
30,DR. AHMAD RAZIF MUHAMMAD (K023775),1,MUHAMAD HAKIM BIN IZANI,SARJANA,P117864,TIADA,3,,,6,
,MSc 2,2,MUHAMMAD KHAIRUL ASHRAF BIN AZMI           ,SARJANA,P154124  ,TIADA,1,,,4,
31,DR. RAIHANAH BAHRU (K025601),1,NUR ISYAKIERAH BINTI MOHD AFIZAL,SARJANA,P150310,PROF. DR. MOHD AMBRI MOHAMED,-,,,4,
,,2,SITI NUR ASYIKIN BITI DZULKEFLI,SARJANA,P151251,TIADA,,,,4,
,,,MUHAMMAD IKMAL ZAKI BIN KHAIRI       ,SARJANA,P170924,TIADA,,,,,
,MSc 3,3,MUHAMMAD DANIAL IMAN BIN NORAZAM   ,SARJANA,P167146 ,"PROF. MADYA DR. SIOW KIM SHYONG
DR. NORAZUWANA SHAARI (SELL FUEL)",,,,,
32,TS. CHM DR. NUR HIDAYAH AZEMAN (K026968),,,,,,-,,,,
,,,,,,,,,,,
33,DR. SHARIPAH NADZIRAH SYED AHMAD AYOB (K026994),,,,,,-,,,,